"ID",title,slug,publishDate,content,eyecatch,categories
,日本,japan,2025-07-30T01:00:00.000Z,"日本の街と人の特徴
日本の街は、古都の風情を残す京都のような歴史的な街並みから、東京のような超近代的なビル群が立ち並ぶ都市まで多様です。清潔で安全性が高く、公共交通機関が発達しているのが特徴です。特に、緻密に計画された都市機能と、自然との調和を重視した庭園や公園が共存しています。

人々は一般的に礼儀正しく、控えめで、協調性を重んじる傾向があります。おもてなしの精神が強く、外国人に対しても親切です。時間厳守やルール順守を重んじる真面目な国民性があり、細部へのこだわりや品質への追求が、製品やサービスの質の高さに表れています。また、アニメや漫画、ゲームなどのポップカルチャーは世界中で人気を集めており、若者を中心に多様な趣味を持つ人が多いです。",,"japan"
,韓国,korea,2025-07-30T01:00:00.000Z,"韓国の街と人の特徴
韓国の街は、ソウルのように高層ビルが林立する近代的な都市景観が中心ですが、歴史的な宮殿や伝統家屋が残るエリアも点在しています。活気にあふれ、最新のトレンドを取り入れたカフェやショップが多く、夜遅くまで賑わいます。IT技術の導入が積極的で、スマートシティ化が進んでいるのが特徴です。公共交通機関も非常に発達しており、移動が便利です。

人々は情熱的で、自己表現が豊かです。流行に敏感で、ファッションや美容への関心が高いことで知られています。家族や友人との絆を大切にし、義理人情に厚い側面も持ち合わせています。競争意識が強く、目標に向かって努力を惜しまない勤勉さも特徴です。また、K-POPや韓国ドラマなどのエンターテインメントは世界的に大きな影響力を持っており、若者を中心に強い愛国心を持つ人が多いです。",,"korea"
,中国,china,2025-07-30T01:00:00.000Z,"中国の街と人の特徴
中国の街は、近年急速な経済発展を遂げ、上海や北京のような大都市では、近未来的な超高層ビルが立ち並び、目覚ましい発展を遂げています。一方で、地方には伝統的な建築様式が残る古い街並みも多く見られます。都市化が急速に進む中で、地域によって大きな差があるのが特徴です。交通インフラも整備が進み、高速鉄道網が広く普及しています。

人々は多様性に富み、地域によって異なる特徴が見られます。一般的には、集団主義的な考え方が強く、家族やコミュニティを重視する傾向があります。ビジネスにおいては実利的で、交渉に長けていると言われます。近年は、インターネットやモバイル決済の普及が目覚ましく、新しい技術を積極的に取り入れることに抵抗がありません。また、歴史や文化に対する誇りを持っており、強い愛国心を持つ人が多いです。",,"china"